id,first_name,last_name,email,gender,country_code
1,Sigrid,Rodolphe,srodolphe0@businessweek.com,Female,ID
2,Mariette,Bremmell,mbremmell1@va.gov,Female,BR
3,Vanya,Salamon,vsalamon2@wisc.edu,Female,CN
4,Damita,Coopland,dcoopland3@google.es,Female,FR
5,Hyacintha,Grace,hgrace4@zdnet.com,Female,TN
6,Rici,Nussey,rnussey5@php.net,Female,ID
7,Sydelle,Burney,sburney6@jiathis.com,Female,CN
8,Ronda,Currin,rcurrin7@whitehouse.gov,Female,JP
9,Devonna,Alelsandrowicz,dalelsandrowicz8@google.ca,Female,CN
10,Deb,Eddies,deddies9@yale.edu,Female,GR
11,Nariko,Carleton,ncarletona@php.net,Female,CN
12,Giuseppe,Charkham,gcharkhamb@prnewswire.com,Male,CZ
13,Edythe,McMennum,emcmennumc@hao123.com,Female,BA
14,Kane,Morpeth,kmorpethd@purevolume.com,Male,RU
15,Ruggiero,Galton,rgaltone@buzzfeed.com,Male,DK
16,Samuele,Hollingsbee,shollingsbeef@meetup.com,Male,MN
17,Dominick,Durbyn,ddurbyng@facebook.com,Male,CZ
18,Layney,Turle,lturleh@vkontakte.ru,Female,ID
19,Raffaello,Geare,rgearei@skyrock.com,Male,CN
20,Sylvia,Fenemore,sfenemorej@economist.com,Female,CN
21,Kata,Bembrigg,kbembriggk@rediff.com,Female,BR
22,Collen,Keneford,ckenefordl@yolasite.com,Female,FR
23,Berty,Raulston,braulstonm@whitehouse.gov,Male,KR
24,Fay,Keam,fkeamn@webs.com,Female,ID
25,Garth,Feavers,gfeaverso@nih.gov,Male,UA
26,Thomasa,Nicolls,tnicollsp@senate.gov,Female,CN
27,Lance,Silversmid,lsilversmidq@youtube.com,Male,PK
28,Paten,Hallam,phallamr@bravesites.com,Male,NG
29,Bert,Nelthorpe,bnelthorpes@amazon.co.jp,Male,PT
30,Renaldo,Gadeaux,rgadeauxt@mac.com,Male,HU
31,Trent,Brook,tbrooku@spiegel.de,Male,CN
32,Orelle,Sidry,osidryv@whitehouse.gov,Female,IE
33,Lari,Linkie,llinkiew@loc.gov,Female,KZ
34,Andrew,Fike,afikex@google.com.br,Male,PL
35,Olva,Baughan,obaughany@oakley.com,Female,SE
36,Pascale,Nangle,pnanglez@prnewswire.com,Male,BY
37,Bidget,Merriment,bmerriment10@4shared.com,Female,VN
38,Sheena,Baress,sbaress11@behance.net,Female,US
39,Gerardo,Pendry,gpendry12@miibeian.gov.cn,Male,AR
40,Flynn,Stannering,fstannering13@i2i.jp,Male,ZW
41,Kylie,Fitzgerald,kfitzgerald14@msu.edu,Male,RU
42,Fredrick,Higford,fhigford15@elpais.com,Male,CN
43,Tamara,Fattorini,tfattorini16@cnn.com,Female,EC
44,Dara,MacGibbon,dmacgibbon17@google.co.jp,Female,AM
45,Dion,Fordyce,dfordyce18@unblog.fr,Female,CA
46,Currey,Misken,cmisken19@indiatimes.com,Male,CN
47,Olly,McTurlough,omcturlough1a@sakura.ne.jp,Female,GR
48,Petra,Kinnard,pkinnard1b@wisc.edu,Female,MX
49,Pyotr,Glazebrook,pglazebrook1c@wordpress.com,Male,NO
50,Lawrence,Sacaze,lsacaze1d@drupal.org,Male,IE
51,Theo,Henriquet,thenriquet1e@wp.com,Male,RU
52,Agace,Waldock,awaldock1f@technorati.com,Female,PT
53,Manda,Heavyside,mheavyside1g@mac.com,Female,LI
54,Morganica,Hentzer,mhentzer1h@washington.edu,Female,CN
55,Laird,Wilbud,lwilbud1i@noaa.gov,Male,PT
56,Corenda,MacGiffin,cmacgiffin1j@dagondesign.com,Female,PL
57,Hart,Soffe,hsoffe1k@e-recht24.de,Male,BR
58,Vidovic,Neggrini,vneggrini1l@blogspot.com,Male,SE
59,Arther,O'Spellissey,aospellissey1m@hexun.com,Male,BR
60,Aidan,Eary,aeary1n@toplist.cz,Female,JP
61,Denys,Bowerbank,dbowerbank1o@independent.co.uk,Male,UA
62,Jaime,Valde,jvalde1p@biblegateway.com,Male,AR
63,Wiley,Fincham,wfincham1q@soundcloud.com,Male,ME
64,Rafaela,Readie,rreadie1r@noaa.gov,Female,UA
65,Kaleb,Bewfield,kbewfield1s@wunderground.com,Male,CN
66,Xylia,Baytrop,xbaytrop1t@free.fr,Female,KZ
67,Erasmus,Copyn,ecopyn1u@nature.com,Male,CN
68,Verne,Eichmann,veichmann1v@mysql.com,Male,KR
69,Pattie,Hampe,phampe1w@wikipedia.org,Female,CN
70,Glen,Houson,ghouson1x@networkadvertising.org,Female,CN
71,Sylvia,Antonucci,santonucci1y@jiathis.com,Female,GP
72,Jennilee,Moodie,jmoodie1z@clickbank.net,Female,CN
73,Peria,Imbrey,pimbrey20@gov.uk,Female,ID
74,Bearnard,Pattemore,bpattemore21@hubpages.com,Male,US
75,Art,Hinkins,ahinkins22@eventbrite.com,Male,JP
76,Noellyn,Punch,npunch23@vk.com,Female,RU
77,Bret,Blooman,bblooman24@sohu.com,Male,GB
78,Wildon,Sheara,wsheara25@wunderground.com,Male,FI
79,Cecilius,Heatly,cheatly26@scientificamerican.com,Male,NO
80,Bryna,Gueinn,bgueinn27@furl.net,Female,JP
81,Trevor,McComiskey,tmccomiskey28@theatlantic.com,Male,CZ
82,Gene,Greg,ggreg29@soup.io,Male,ID
83,Garrot,Nield,gnield2a@symantec.com,Male,CN
84,Hamlen,Somes,hsomes2b@amazon.com,Male,SI
85,Garold,Kuhnt,gkuhnt2c@tripod.com,Male,PE
86,Chrysa,Lindmark,clindmark2d@myspace.com,Female,TJ
87,Jemmie,Dunkerly,jdunkerly2e@yellowpages.com,Female,US
88,Bryan,Fludgate,bfludgate2f@comcast.net,Male,US
89,Oneida,Reffe,oreffe2g@slate.com,Female,RU
90,Joli,Margery,jmargery2h@state.tx.us,Female,RS
91,Mellicent,Connow,mconnow2i@marriott.com,Female,PA
92,Judah,O'Spellissey,jospellissey2j@opera.com,Male,FR
93,Ichabod,Jackways,ijackways2k@berkeley.edu,Male,BR
94,Timotheus,Fitton,tfitton2l@t.co,Male,CN
95,Gisele,Bollom,gbollom2m@fda.gov,Female,PH
96,Meaghan,Piscotti,mpiscotti2n@java.com,Female,TJ
97,Pat,MacGray,pmacgray2o@photobucket.com,Male,RU
98,Roberto,Masserel,rmasserel2p@adobe.com,Male,BR
99,Marlowe,Myderscough,mmyderscough2q@gizmodo.com,Male,JP
100,Rebeka,Alldread,ralldread2r@i2i.jp,Female,CN
101,Jimmy,Juste,jjuste2s@cpanel.net,Male,RU
102,Tyler,Hindrick,thindrick2t@usa.gov,Male,MM
103,Sande,Eagan,seagan2u@baidu.com,Female,TH
104,Jaye,Marval,jmarval2v@w3.org,Male,RU
105,Andreas,Dunsmore,adunsmore2w@vimeo.com,Male,ID
106,Avrit,Wilber,awilber2x@printfriendly.com,Female,BD
107,Dietrich,Goldney,dgoldney2y@baidu.com,Male,BR
108,Tedda,Swindells,tswindells2z@constantcontact.com,Female,ID
109,Brittany,Locke,blocke30@dailymail.co.uk,Female,YE
110,Randy,Stopher,rstopher31@merriam-webster.com,Male,RU
111,Gordie,Gadie,ggadie32@shinystat.com,Male,PL
112,Obed,Klemke,oklemke33@cisco.com,Male,ID
113,Ninnette,Corriea,ncorriea34@huffingtonpost.com,Female,CN
114,Sherri,Babar,sbabar35@wikipedia.org,Female,UZ
115,Vinson,Elies,velies36@fastcompany.com,Male,CN
116,Raff,Krauze,rkrauze37@creativecommons.org,Male,IE
117,Anestassia,McCurlye,amccurlye38@archive.org,Female,CN
118,Guthry,Vossing,gvossing39@shinystat.com,Male,NL
119,Benyamin,Tailby,btailby3a@boston.com,Male,FR
120,Janaye,Midlane,jmidlane3b@google.com.hk,Female,BO
121,Marshal,Reeken,mreeken3c@webnode.com,Male,CZ
122,Rici,Ottee,rottee3d@rambler.ru,Female,FR
123,Carmencita,Lamplough,clamplough3e@artisteer.com,Female,IS
124,Wye,Haug,whaug3f@senate.gov,Male,FR
125,Idell,Strood,istrood3g@java.com,Female,RU
126,Elmo,Migheli,emigheli3h@soup.io,Male,ID
127,Peyton,Smitham,psmitham3i@theglobeandmail.com,Male,SE
128,Denice,Rickardes,drickardes3j@facebook.com,Female,ML
129,Thom,Witherby,twitherby3k@apache.org,Male,CN
130,Georgianna,D'Alessandro,gdalessandro3l@reddit.com,Female,ID
131,Marvin,Hairsine,mhairsine3m@cnn.com,Male,CZ
132,Woodie,Caddick,wcaddick3n@free.fr,Male,CN
133,Zarah,Boyat,zboyat3o@marriott.com,Female,FR
134,Lolita,Sumbler,lsumbler3p@newyorker.com,Female,CN
135,Florinda,Burborough,fburborough3q@sohu.com,Female,JP
136,Meyer,Lovekin,mlovekin3r@blogtalkradio.com,Male,CN
137,Mavis,Ethersey,methersey3s@pagesperso-orange.fr,Female,CR
138,Lothaire,Carlet,lcarlet3t@go.com,Male,CN
139,Phillis,Fieldsend,pfieldsend3u@yahoo.com,Female,GT
140,Jeffie,Chrstine,jchrstine3v@admin.ch,Male,RU
141,Timothy,Brecknall,tbrecknall3w@vkontakte.ru,Male,ID
142,Siobhan,Odda,sodda3x@51.la,Female,GT
143,Harri,Adamowicz,hadamowicz3y@foxnews.com,Female,ID
144,Miran,Snawden,msnawden3z@ed.gov,Female,NG
145,Oona,Kryzhov,okryzhov40@over-blog.com,Female,LY
146,Kissiah,Berston,kberston41@cdbaby.com,Female,ID
147,Gavrielle,Peaple,gpeaple42@shop-pro.jp,Female,FI
148,Sonya,Beincken,sbeincken43@buzzfeed.com,Female,TZ
149,Alicea,Sigfrid,asigfrid44@creativecommons.org,Female,BO
150,Xaviera,Durrell,xdurrell45@last.fm,Female,CN
151,Maximo,Pocock,mpocock46@g.co,Male,GR
152,Maisey,Simmell,msimmell47@studiopress.com,Female,EC
153,Sydelle,Polley,spolley48@nifty.com,Female,CZ
154,Latrina,Baser,lbaser49@wikimedia.org,Female,JM
155,Genvieve,Richardet,grichardet4a@nydailynews.com,Female,CN
156,Tina,Angier,tangier4b@devhub.com,Female,ID
157,Aubrey,Hitter,ahitter4c@ftc.gov,Female,BD
158,Quinton,Annetts,qannetts4d@amazon.com,Male,LV
159,Denna,Beaver,dbeaver4e@nifty.com,Female,ID
160,Daniel,Refford,drefford4f@cpanel.net,Male,CN
161,Ulrick,Toolin,utoolin4g@wikipedia.org,Male,ID
162,Cindra,Smillie,csmillie4h@baidu.com,Female,YE
163,Constantin,Pattingson,cpattingson4i@freewebs.com,Male,IR
164,Eileen,Deporte,edeporte4j@biblegateway.com,Female,TW
165,Henrik,Bain,hbain4k@scientificamerican.com,Male,SE
166,Benji,Proven,bproven4l@parallels.com,Male,GM
167,Lavinia,Kiddye,lkiddye4m@theglobeandmail.com,Female,CN
168,Annamaria,Stallion,astallion4n@vistaprint.com,Female,BD
169,Aubry,Gregoletti,agregoletti4o@hc360.com,Female,CN
170,Calvin,Bert,cbert4p@boston.com,Male,RU
171,Leela,Ivanenko,livanenko4q@istockphoto.com,Female,JP
172,Amity,Sponder,asponder4r@hc360.com,Female,JP
173,Bonni,Joinsey,bjoinsey4s@photobucket.com,Female,ID
174,Guthrey,Mandeville,gmandeville4t@indiegogo.com,Male,ID
175,Atalanta,Tall,atall4u@indiegogo.com,Female,UY
176,Olag,Amor,oamor4v@arizona.edu,Male,ID
177,Lew,Manktelow,lmanktelow4w@ehow.com,Male,JP
178,Aldrich,Broomer,abroomer4x@webnode.com,Male,PH
179,Adamo,Stobart,astobart4y@canalblog.com,Male,FR
180,Em,Montes,emontes4z@merriam-webster.com,Female,AZ
181,Nanci,Giggs,ngiggs50@dedecms.com,Female,HR
182,Halsy,Stenet,hstenet51@webnode.com,Male,ID
183,Sidney,Reiling,sreiling52@scientificamerican.com,Male,FR
184,Leonardo,Merritt,lmerritt53@craigslist.org,Male,ID
185,Perkin,Peak,ppeak54@php.net,Male,ZA
186,Salvatore,Hoolaghan,shoolaghan55@cocolog-nifty.com,Male,MA
187,Margot,Kelloch,mkelloch56@flavors.me,Female,ID
188,Jeanelle,Sucre,jsucre57@washingtonpost.com,Female,BA
189,Marinna,Pimblotte,mpimblotte58@uiuc.edu,Female,VN
190,Mitchel,Realph,mrealph59@census.gov,Male,US
191,Carmelina,Coverly,ccoverly5a@spotify.com,Female,CN
192,Pierette,Castagnet,pcastagnet5b@i2i.jp,Female,AM
193,Gianni,Gittings,ggittings5c@geocities.jp,Male,CZ
194,Donetta,Edmeades,dedmeades5d@rakuten.co.jp,Female,AR
195,Gal,Pilley,gpilley5e@homestead.com,Male,ID
196,Fleur,Cabrer,fcabrer5f@zimbio.com,Female,CN
197,Breena,Faircliffe,bfaircliffe5g@sohu.com,Female,NG
198,Page,Groger,pgroger5h@bigcartel.com,Female,BR
199,Noland,Jentges,njentges5i@blogtalkradio.com,Male,JP
200,Karlene,Partner,kpartner5j@stanford.edu,Female,BR
201,Victor,Cowthart,vcowthart5k@cisco.com,Male,BE
202,Batholomew,Duxbury,bduxbury5l@tripadvisor.com,Male,HR
203,Astrix,Bart,abart5m@army.mil,Female,SE
204,Hollis,Milnes,hmilnes5n@abc.net.au,Male,BR
205,Antone,Size,asize5o@independent.co.uk,Male,ID
206,Pooh,Adcocks,padcocks5p@naver.com,Female,RU
207,Chick,Burge,cburge5q@bizjournals.com,Male,CN
208,Edi,Beades,ebeades5r@weather.com,Female,PH
209,Nevil,Rillatt,nrillatt5s@blogtalkradio.com,Male,IR
210,Deny,Varren,dvarren5t@dell.com,Female,CN
211,Gretna,Hornung,ghornung5u@virginia.edu,Female,CN
212,Catherin,Fellman,cfellman5v@fastcompany.com,Female,NG
213,Mile,McGriele,mmcgriele5w@sphinn.com,Male,ID
214,Chryste,Rasell,crasell5x@aboutads.info,Female,FR
215,Sholom,McPartlin,smcpartlin5y@skyrock.com,Male,ID
216,Lucilia,Deeley,ldeeley5z@wikipedia.org,Female,FR
217,Gaby,Eslie,geslie60@berkeley.edu,Female,US
218,Amber,Coathup,acoathup61@is.gd,Female,GR
219,Montague,Chisholm,mchisholm62@usgs.gov,Male,ID
220,Dedie,Tatnell,dtatnell63@google.de,Female,RU
221,Erek,Pickrell,epickrell64@google.it,Male,LU
222,Alaster,Leschelle,aleschelle65@unesco.org,Male,UA
223,Read,Ledster,rledster66@hhs.gov,Male,FR
224,Saudra,Beagrie,sbeagrie67@phoca.cz,Female,PE
225,Shannon,Andrieu,sandrieu68@rediff.com,Female,IE
226,Theobald,Blazi,tblazi69@ocn.ne.jp,Male,CO
227,Kerianne,Dooher,kdooher6a@hud.gov,Female,CN
228,Tracie,Prewett,tprewett6b@csmonitor.com,Female,PL
229,Dana,Leiden,dleiden6c@merriam-webster.com,Female,CN
230,Daile,Wynter,dwynter6d@hud.gov,Female,BR
231,Gena,Cobbald,gcobbald6e@slideshare.net,Female,US
232,Selene,Grayley,sgrayley6f@wufoo.com,Female,DO
233,Audi,Jailler,ajailler6g@nifty.com,Female,PT
234,Dorisa,Greedyer,dgreedyer6h@github.com,Female,PE
235,Tessa,Sowle,tsowle6i@lycos.com,Female,CZ
236,Ag,Gummie,agummie6j@last.fm,Female,ID
237,Reynard,Elias,relias6k@forbes.com,Male,TH
238,Vidovic,Grono,vgrono6l@netvibes.com,Male,NG
239,Christye,Kolyagin,ckolyagin6m@over-blog.com,Female,CZ
240,Jenda,Fredi,jfredi6n@twitpic.com,Female,IE
241,Patience,Audas,paudas6o@360.cn,Female,US
242,Wyatt,Strang,wstrang6p@amazonaws.com,Male,RU
243,Tanitansy,Burchill,tburchill6q@elegantthemes.com,Female,PH
244,Melitta,MacTeggart,mmacteggart6r@mozilla.org,Female,RU
245,Annadiana,Hathwood,ahathwood6s@macromedia.com,Female,AZ
246,Celene,Adess,cadess6t@1und1.de,Female,PH
247,Otis,Fenty,ofenty6u@wufoo.com,Male,ID
248,Brucie,Spellesy,bspellesy6v@tumblr.com,Male,NG
249,Tina,Figin,tfigin6w@cnn.com,Female,SE
250,Cristen,McChesney,cmcchesney6x@shutterfly.com,Female,JP
251,Lanni,Pudding,lpudding6y@newsvine.com,Female,CA
252,Worthy,Feechum,wfeechum6z@wordpress.org,Male,TJ
253,Nari,Greedier,ngreedier70@tripod.com,Female,RU
254,Guthrey,Doche,gdoche71@hubpages.com,Male,SE
255,Ariel,Ring,aring72@cocolog-nifty.com,Male,GH
256,Harley,Stayt,hstayt73@howstuffworks.com,Male,HN
257,Russell,Cutchey,rcutchey74@tinypic.com,Male,CN
258,Harmonia,Hulks,hhulks75@jigsy.com,Female,CO
259,Fleur,Compfort,fcompfort76@prweb.com,Female,CI
260,Teresa,Kohrsen,tkohrsen77@unicef.org,Female,CN
261,Tamar,Frane,tfrane78@parallels.com,Female,PH
262,Ximenez,Darrach,xdarrach79@squidoo.com,Male,ID
263,Gleda,Cardello,gcardello7a@dmoz.org,Female,FR
264,Valida,Biggs,vbiggs7b@wisc.edu,Female,HR
265,Porter,Poupard,ppoupard7c@etsy.com,Male,ZA
266,Imelda,Kaley,ikaley7d@biglobe.ne.jp,Female,US
267,Seward,Woodrough,swoodrough7e@alexa.com,Male,AR
268,Cherilynn,Reubel,creubel7f@blogs.com,Female,FR
269,Vicky,Baldung,vbaldung7g@booking.com,Female,CN
270,Freeman,Palay,fpalay7h@yellowbook.com,Male,CN
271,Svend,Granville,sgranville7i@reference.com,Male,AR
272,Almeta,Stockton,astockton7j@mozilla.com,Female,ZA
273,Zelig,Dakers,zdakers7k@51.la,Male,PE
274,Aldric,Brettelle,abrettelle7l@istockphoto.com,Male,ID
275,Kimberlee,Risom,krisom7m@cdbaby.com,Female,CN
276,Carlota,Concklin,cconcklin7n@blogspot.com,Female,CN
277,Raviv,Peeters,rpeeters7o@sitemeter.com,Male,MX
278,Grier,Clitherow,gclitherow7p@cdbaby.com,Female,PT
279,Ludovika,Scutcheon,lscutcheon7q@salon.com,Female,PH
280,Celka,Gohier,cgohier7r@w3.org,Female,MG
281,Aimee,Caulfield,acaulfield7s@paginegialle.it,Female,US
282,Ilario,Meatyard,imeatyard7t@nsw.gov.au,Male,PH
283,Carolyn,Riley,criley7u@youku.com,Female,GR
284,Claudette,Cordingley,ccordingley7v@hexun.com,Female,CN
285,Sorcha,Swiffan,sswiffan7w@cloudflare.com,Female,PE
286,Devi,Grissett,dgrissett7x@stumbleupon.com,Female,PT
287,Jard,Rosier,jrosier7y@unblog.fr,Male,BR
288,Billy,Ferby,bferby7z@nationalgeographic.com,Male,PH
289,Ash,Bensusan,abensusan80@hibu.com,Male,PH
290,Mic,Kochel,mkochel81@alibaba.com,Male,PL
291,Hailey,Torrie,htorrie82@addthis.com,Male,GR
292,Sandie,Stoakes,sstoakes83@smugmug.com,Female,IR
293,Orv,Akam,oakam84@netlog.com,Male,CZ
294,Laurie,Hendren,lhendren85@yahoo.com,Male,PT
295,Piggy,McSparran,pmcsparran86@domainmarket.com,Male,PE
296,Sunshine,Newcome,snewcome87@weather.com,Female,RU
297,Marylynne,Pierson,mpierson88@blinklist.com,Female,CN
298,Marijo,Leete,mleete89@fda.gov,Female,PH
299,Ronnie,Wiffen,rwiffen8a@va.gov,Female,HN
300,Vittoria,Ionnisian,vionnisian8b@exblog.jp,Female,PT
301,Dew,Rudgard,drudgard8c@artisteer.com,Male,JP
302,Cecelia,Arndell,carndell8d@hostgator.com,Female,PL
303,Mair,Darwent,mdarwent8e@ucsd.edu,Female,IR
304,Gabi,Colbridge,gcolbridge8f@state.tx.us,Female,CN
305,Alane,De La Cote,adelacote8g@twitpic.com,Female,CN
306,Pearline,Carrol,pcarrol8h@usa.gov,Female,AL
307,Daisey,Queree,dqueree8i@psu.edu,Female,IE
308,Randie,Grimsley,rgrimsley8j@reuters.com,Male,SE
309,Madlen,Krout,mkrout8k@wikispaces.com,Female,FR
310,Woodrow,Groocock,wgroocock8l@e-recht24.de,Male,CA
311,Brigitta,Tuffley,btuffley8m@free.fr,Female,SE
312,Annis,Greatreax,agreatreax8n@stumbleupon.com,Female,KZ
313,Carolin,McKane,cmckane8o@stumbleupon.com,Female,FR
314,Susan,Sperring,ssperring8p@joomla.org,Female,PT
315,Fin,Baumer,fbaumer8q@go.com,Male,GR
316,Ernesto,Clutterham,eclutterham8r@msn.com,Male,SE
317,Timothee,Duester,tduester8s@dmoz.org,Male,PE
318,Leonhard,Leal,lleal8t@vk.com,Male,RU
319,Jeddy,Olenchenko,jolenchenko8u@paginegialle.it,Male,ID
320,Stephani,Shellcross,sshellcross8v@bing.com,Female,CN
321,Silvie,Sydney,ssydney8w@issuu.com,Female,RS
322,Sybil,Gladman,sgladman8x@imdb.com,Female,CN
323,Bron,Mathely,bmathely8y@salon.com,Male,MR
324,Berty,Raisher,braisher8z@xinhuanet.com,Male,ID
325,Eolande,Brignell,ebrignell90@alibaba.com,Female,RU
326,Essie,Vasilevich,evasilevich91@bbc.co.uk,Female,GN
327,Michale,Farquharson,mfarquharson92@cornell.edu,Male,ID
328,Marya,Imm,mimm93@ucla.edu,Female,CU
329,Misty,Giovannilli,mgiovannilli94@umn.edu,Female,PH
330,Dita,Taffie,dtaffie95@usda.gov,Female,UA
331,Pete,Bartolomivis,pbartolomivis96@alexa.com,Male,SD
332,Jaimie,Weadick,jweadick97@blogs.com,Male,RU
333,Leonelle,Lambertazzi,llambertazzi98@mac.com,Female,ID
334,Edlin,Barling,ebarling99@tinyurl.com,Male,RU
335,Luce,Rumsby,lrumsby9a@github.io,Male,PT
336,Sadella,Manntschke,smanntschke9b@infoseek.co.jp,Female,CN
337,Marylin,Gierhard,mgierhard9c@nsw.gov.au,Female,PE
338,Valdemar,Mapes,vmapes9d@t-online.de,Male,NG
339,Marabel,Gorger,mgorger9e@jugem.jp,Female,UG
340,Seth,Vedenyakin,svedenyakin9f@newsvine.com,Male,MX
341,Mallory,Gillow,mgillow9g@icq.com,Female,ID
342,Brand,Stribbling,bstribbling9h@sogou.com,Male,NG
343,Justis,Welham,jwelham9i@mediafire.com,Male,ID
344,Rosalynd,Clewett,rclewett9j@independent.co.uk,Female,RU
345,Armin,Edlin,aedlin9k@scientificamerican.com,Male,VE
346,Kathi,Rosewarne,krosewarne9l@purevolume.com,Female,CO
347,Chevy,Palatini,cpalatini9m@photobucket.com,Male,CN
348,Evyn,Exon,eexon9n@netvibes.com,Male,MT
349,Nonna,Bratten,nbratten9o@irs.gov,Female,CN
350,Erminia,Reddy,ereddy9p@infoseek.co.jp,Female,CO
351,Filippa,Scranney,fscranney9q@cdbaby.com,Female,ID
352,Romona,Randal,rrandal9r@home.pl,Female,CN
353,Barbey,Stoyles,bstoyles9s@github.io,Female,GF
354,Trev,Keems,tkeems9t@webnode.com,Male,CN
355,Lyman,Zimmer,lzimmer9u@meetup.com,Male,RU
356,Lek,Dresser,ldresser9v@rakuten.co.jp,Male,ID
357,Mischa,Wingham,mwingham9w@cafepress.com,Male,FR
358,Ev,Kleinmintz,ekleinmintz9x@symantec.com,Male,HR
359,Guthry,Dodds,gdodds9y@mit.edu,Male,BY
360,Kandy,Emmet,kemmet9z@usatoday.com,Female,TH
361,Catlaina,Fawks,cfawksa0@topsy.com,Female,SE
362,Alley,Turn,aturna1@uiuc.edu,Male,SE
363,Ingrid,Nevill,inevilla2@domainmarket.com,Female,BR
364,Ailbert,Barbosa,abarbosaa3@oaic.gov.au,Male,CO
365,Ty,Tregian,ttregiana4@google.co.uk,Male,HT
366,Viola,Rowler,vrowlera5@sfgate.com,Female,BR
367,Jayne,Purslow,jpurslowa6@sphinn.com,Female,AZ
368,Richie,Condict,rcondicta7@statcounter.com,Male,US
369,Laraine,Espinoy,lespinoya8@so-net.ne.jp,Female,ID
370,Elfie,Battaille,ebattaillea9@google.pl,Female,CN
371,Sibel,Schruur,sschruuraa@eepurl.com,Female,CN
372,Moreen,Renzullo,mrenzulloab@reuters.com,Female,GR
373,Windham,Markos,wmarkosac@histats.com,Male,AM
374,Kirk,Winridge,kwinridgead@hugedomains.com,Male,PT
375,Garik,English,genglishae@sphinn.com,Male,RU
376,Stefan,Fockes,sfockesaf@washingtonpost.com,Male,ID
377,Cordell,Burkman,cburkmanag@free.fr,Male,LK
378,Vivyanne,Orange,vorangeah@unesco.org,Female,LY
379,Carmella,Minihan,cminihanai@amazon.de,Female,CN
380,Trent,Millin,tmillinaj@clickbank.net,Male,VE
381,Farris,Gregori,fgregoriak@gov.uk,Male,ID
382,Whitney,Cogger,wcoggeral@quantcast.com,Male,TH
383,Kellen,Titford,ktitfordam@samsung.com,Male,FR
384,Hilton,Wild,hwildan@sogou.com,Male,US
385,Marla,Kearton,mkeartonao@rediff.com,Female,CN
386,Leann,Martynov,lmartynovap@flickr.com,Female,PT
387,Tresa,Gymblett,tgymblettaq@oakley.com,Female,MX
388,Rhianna,Le Teve,rletevear@ucla.edu,Female,AW
389,Jesselyn,Medland,jmedlandas@prlog.org,Female,NG
390,Jules,Meddings,jmeddingsat@weebly.com,Male,EG
391,Cookie,Farndell,cfarndellau@aboutads.info,Female,CO
392,Percival,Wegman,pwegmanav@tripod.com,Male,TH
393,Alonzo,Briffett,abriffettaw@imdb.com,Male,PH
394,Yvon,Goodered,ygooderedax@ning.com,Male,PT
395,Boy,Carty,bcartyay@prnewswire.com,Male,SE
396,Cross,Murrison,cmurrisonaz@paginegialle.it,Male,PH
397,Erda,Franzonetti,efranzonettib0@un.org,Female,CN
398,Syman,Swetland,sswetlandb1@tinyurl.com,Male,RU
399,Pearle,Ribbon,pribbonb2@unicef.org,Female,SI
400,Robenia,Cowsby,rcowsbyb3@addthis.com,Female,CN
401,Catherina,Stitson,cstitsonb4@wikispaces.com,Female,RU
402,Dane,Julien,djulienb5@webmd.com,Male,JP
403,Korie,MacGovern,kmacgovernb6@ebay.co.uk,Female,ID
404,Nickie,Craighill,ncraighillb7@instagram.com,Female,SE
405,Wren,Buntin,wbuntinb8@yolasite.com,Female,MQ
406,Cleavland,Ruddock,cruddockb9@apache.org,Male,FM
407,Samuel,Napoleon,snapoleonba@wikimedia.org,Male,MX
408,Kylie,Dobbson,kdobbsonbb@e-recht24.de,Female,ID
409,Corey,Starsmeare,cstarsmearebc@ftc.gov,Male,ID
410,Creighton,Dibley,cdibleybd@angelfire.com,Male,CN
411,Earle,Titchener,etitchenerbe@goodreads.com,Male,PH
412,Catlin,McGerr,cmcgerrbf@youtube.com,Female,CN
413,Tyler,Cattow,tcattowbg@domainmarket.com,Male,US
414,Jillana,Glenfield,jglenfieldbh@google.pl,Female,HT
415,Peder,Mc Harg,pmchargbi@vkontakte.ru,Male,JP
416,Lorenza,Camocke,lcamockebj@eepurl.com,Female,VN
417,Ragnar,Kennefick,rkennefickbk@state.gov,Male,UY
418,Christiana,Cowdry,ccowdrybl@lulu.com,Female,CN
419,Carmine,Bridgeland,cbridgelandbm@loc.gov,Male,PL
420,Charlie,Blaxill,cblaxillbn@chronoengine.com,Male,GR
421,Silvan,Woolfall,swoolfallbo@chicagotribune.com,Male,DE
422,Alexandre,Casterou,acasteroubp@loc.gov,Male,PS
423,Cathleen,Hesse,chessebq@surveymonkey.com,Female,DM
424,Brant,Flanagan,bflanaganbr@fotki.com,Male,BR
425,Lizbeth,Ronayne,lronaynebs@twitter.com,Female,SO
426,Constantin,Eburne,ceburnebt@un.org,Male,CN
427,Wenonah,Kirstein,wkirsteinbu@xing.com,Female,JP
428,Duff,Giraudel,dgiraudelbv@mtv.com,Male,US
429,Ros,Plues,rpluesbw@abc.net.au,Female,NL
430,Thor,Brisco,tbriscobx@uol.com.br,Male,CD
431,Dannel,Tapper,dtapperby@yellowpages.com,Male,PL
432,Anet,Barrasse,abarrassebz@studiopress.com,Female,PH
433,Neda,Latore,nlatorec0@51.la,Female,BR
434,Marni,Renac,mrenacc1@epa.gov,Female,KR
435,Angel,Tolliday,atollidayc2@who.int,Female,CN
436,Frazer,Hedgeman,fhedgemanc3@nature.com,Male,CN
437,Vanya,Klainman,vklainmanc4@purevolume.com,Female,PE
438,Gabi,Bewly,gbewlyc5@mozilla.org,Female,CZ
439,Germaine,Fawcett,gfawcettc6@businessinsider.com,Male,CO
440,Thibaud,aManger,tamangerc7@livejournal.com,Male,PH
441,Ikey,Finnes,ifinnesc8@purevolume.com,Male,BR
442,Marlow,Kipling,mkiplingc9@quantcast.com,Male,US
443,Darbie,Berwick,dberwickca@wiley.com,Female,ID
444,Jecho,Bleackley,jbleackleycb@unblog.fr,Male,CN
445,Gibb,Syversen,gsyversencc@meetup.com,Male,ID
446,Brandea,Ollerton,bollertoncd@clickbank.net,Female,PH
447,Halli,Donizeau,hdonizeauce@stanford.edu,Female,RU
448,Adela,McGookin,amcgookincf@ow.ly,Female,SO
449,Clywd,Mellish,cmellishcg@wikispaces.com,Male,RU
450,Adela,Jansa,ajansach@goodreads.com,Female,UA
451,Robby,Sheals,rshealsci@phpbb.com,Male,YE
452,Shawn,Calbreath,scalbreathcj@smh.com.au,Male,TN
453,Emlyn,Gottelier,egottelierck@who.int,Male,EG
454,Meade,Pickerin,mpickerincl@sitemeter.com,Male,ID
455,Mahalia,Hannent,mhannentcm@miibeian.gov.cn,Female,SE
456,Beth,Lomas,blomascn@who.int,Female,PT
457,Hershel,Filippucci,hfilippuccico@gmpg.org,Male,CN
458,Josepha,Nuccii,jnucciicp@squidoo.com,Female,MG
459,Shoshana,Inmett,sinmettcq@google.fr,Female,CN
460,Felike,Ferebee,fferebeecr@cbc.ca,Male,CN
461,Mattie,McIlvenna,mmcilvennacs@usgs.gov,Male,PH
462,Katti,Baggarley,kbaggarleyct@google.co.jp,Female,TJ
463,Katti,Justis,kjustiscu@infoseek.co.jp,Female,JP
464,Gwendolin,Neil,gneilcv@theatlantic.com,Female,JP
465,Lory,McChruiter,lmcchruitercw@phoca.cz,Female,JM
466,Waldon,Ruffy,wruffycx@wired.com,Male,PH
467,Jackie,Vinecombe,jvinecombecy@rakuten.co.jp,Male,CN
468,Duke,Lenney,dlenneycz@mlb.com,Male,JP
469,Lamont,O'Carney,locarneyd0@csmonitor.com,Male,ID
470,Dimitry,Bootherstone,dbootherstoned1@soundcloud.com,Male,LB
471,Kelly,Lis,klisd2@ustream.tv,Female,ID
472,Stewart,Wolfenden,swolfendend3@dailymotion.com,Male,US
473,Finley,Yesichev,fyesichevd4@taobao.com,Male,RU
474,Helli,Aburrow,haburrowd5@flavors.me,Female,YE
475,Goddart,Winfrey,gwinfreyd6@furl.net,Male,CN
476,Laurence,Ervin,lervind7@smugmug.com,Male,GR
477,Jehanna,Dedrick,jdedrickd8@nbcnews.com,Female,AR
478,Ruggiero,Tuite,rtuited9@squidoo.com,Male,PT
479,Vlad,Davidescu,vdavidescuda@bing.com,Male,PT
480,Shelby,Laxton,slaxtondb@moonfruit.com,Male,DE
481,Wenonah,Sigsworth,wsigsworthdc@npr.org,Female,GR
482,Reggy,Lumbers,rlumbersdd@jiathis.com,Male,ID
483,Tommie,Birtchnell,tbirtchnellde@vinaora.com,Female,CN
484,Jacquie,Woodison,jwoodisondf@cnn.com,Female,BR
485,Isaac,Capnor,icapnordg@bing.com,Male,TH
486,Wilone,Emor,wemordh@irs.gov,Female,PH
487,Gregory,Sacchetti,gsacchettidi@infoseek.co.jp,Male,US
488,Cora,Freeberne,cfreebernedj@last.fm,Female,MG
489,Reg,Munnery,rmunnerydk@omniture.com,Male,CN
490,Erie,Goodsal,egoodsaldl@4shared.com,Male,CN
491,Boyd,Looney,blooneydm@cdc.gov,Male,CN
492,Tybalt,Cloutt,tclouttdn@dailymotion.com,Male,MY
493,Gustaf,McCrie,gmccriedo@instagram.com,Male,BR
494,Nolly,Callan,ncallandp@51.la,Male,PH
495,Dean,Capehorn,dcapehorndq@hugedomains.com,Male,CN
496,Alvera,Haslegrave,ahaslegravedr@theglobeandmail.com,Female,JP
497,Vally,Lamburne,vlamburneds@skyrock.com,Female,ID
498,Ginger,Miall,gmialldt@webs.com,Male,CN
499,Allyn,Vany,avanydu@nps.gov,Female,MT
500,Jeremie,Sauniere,jsaunieredv@photobucket.com,Male,IR
501,Pattin,Strahan,pstrahandw@theatlantic.com,Male,CZ
502,Burke,Gotts,bgottsdx@ocn.ne.jp,Male,PT
503,Rutledge,Ogden,rogdendy@newyorker.com,Male,CN
504,Hillel,Hitschke,hhitschkedz@istockphoto.com,Male,MX
505,Duffie,Kettell,dkettelle0@barnesandnoble.com,Male,UG
506,Gladys,Willgrass,gwillgrasse1@admin.ch,Female,UA
507,Pall,McVeagh,pmcveaghe2@mtv.com,Male,IE
508,Sherwood,Piatkow,spiatkowe3@army.mil,Male,PH
509,Shem,Everingham,severinghame4@slashdot.org,Male,ID
510,Wendy,Lampe,wlampee5@drupal.org,Female,MX
511,Enid,Phythien,ephythiene6@engadget.com,Female,ID
512,Dannie,Golborn,dgolborne7@foxnews.com,Female,JP
513,Cherianne,Beglin,cbegline8@cbslocal.com,Female,PH
514,Mavra,Munn,mmunne9@theguardian.com,Female,CZ
515,Micaela,Furmedge,mfurmedgeea@ucla.edu,Female,BR
516,Ronnie,Bridat,rbridateb@aol.com,Female,PT
517,Myca,Neno,mnenoec@wordpress.com,Male,VE
518,Alysa,Cherm,achermed@virginia.edu,Female,PH
519,Kerwinn,Polding,kpoldingee@alexa.com,Male,CN
520,Doti,Marousek,dmarousekef@nbcnews.com,Female,ZM
521,Reuben,Sauvain,rsauvaineg@edublogs.org,Male,RS
522,Zerk,Firidolfi,zfiridolfieh@tiny.cc,Male,ID
523,Tabor,Haverty,thavertyei@a8.net,Male,KR
524,Theresa,Malling,tmallingej@blogspot.com,Female,EC
525,Domingo,Stenning,dstenningek@ed.gov,Male,PH
526,Had,Preece,hpreeceel@cargocollective.com,Male,NG
527,Thane,Mangion,tmangionem@hp.com,Male,CN
528,Ruperto,Delahunty,rdelahuntyen@instagram.com,Male,GB
529,Elayne,Muress,emuresseo@gmpg.org,Female,ID
530,Thedric,Faux,tfauxep@princeton.edu,Male,BY
531,Dino,Mundell,dmundelleq@weather.com,Male,UA
532,Gifford,Revitt,grevitter@diigo.com,Male,CN
533,Brendan,Di Frisco,bdifriscoes@tmall.com,Male,TH
534,Yule,Brumby,ybrumbyet@wikispaces.com,Male,BR
535,Tedmund,Czajkowski,tczajkowskieu@angelfire.com,Male,BR
536,Alayne,Lardeux,alardeuxev@friendfeed.com,Female,SY
537,Rochette,Thomkins,rthomkinsew@ehow.com,Female,PH
538,Eran,Hardaker,ehardakerex@nasa.gov,Female,BW
539,Maximilianus,Frankcom,mfrankcomey@nbcnews.com,Male,BR
540,Wendel,Buey,wbueyez@census.gov,Male,PH
541,Frans,Lathleiff,flathleifff0@harvard.edu,Male,ID
542,Arlee,Gilmartin,agilmartinf1@weebly.com,Female,RU
543,Eugenio,Dolman,edolmanf2@wisc.edu,Male,RU
544,Madeleine,Archbald,marchbaldf3@shop-pro.jp,Female,AR
545,Clari,Maultby,cmaultbyf4@accuweather.com,Female,BR
546,Roldan,Lindsell,rlindsellf5@nih.gov,Male,AR
547,Wallis,Costigan,wcostiganf6@psu.edu,Male,UA
548,Jacqueline,De Vaar,jdevaarf7@state.gov,Female,BR
549,Gwen,Hexam,ghexamf8@columbia.edu,Female,CN
550,Seka,Ziemen,sziemenf9@fc2.com,Female,CN
551,Cybill,Brimelow,cbrimelowfa@kickstarter.com,Female,CN
552,Cherey,Peniman,cpenimanfb@ucsd.edu,Female,PT
553,Patrice,Hachard,phachardfc@noaa.gov,Male,JP
554,Orbadiah,Bricham,obrichamfd@meetup.com,Male,RU
555,Rodney,Spering,rsperingfe@irs.gov,Male,FR
556,Skip,MacNeilly,smacneillyff@icio.us,Male,CA
557,Valaree,Ellph,vellphfg@live.com,Female,CN
558,Cathrin,Warrier,cwarrierfh@zdnet.com,Female,CN
559,Perceval,Corsar,pcorsarfi@privacy.gov.au,Male,CN
560,Sallie,Redford,sredfordfj@google.ca,Female,ID
561,Prinz,Glenwright,pglenwrightfk@spotify.com,Male,SE
562,Gertrud,Hause,ghausefl@prnewswire.com,Female,ID
563,Ann,Lurner,alurnerfm@bigcartel.com,Female,CN
564,Winfield,Beardon,wbeardonfn@geocities.jp,Male,SY
565,Seamus,Hebson,shebsonfo@wikimedia.org,Male,CN
566,Vinita,Scase,vscasefp@google.fr,Female,ES
567,Celestyna,McGivena,cmcgivenafq@addthis.com,Female,ET
568,Marja,Gudger,mgudgerfr@sciencedaily.com,Female,TH
569,Jessi,Handslip,jhandslipfs@wunderground.com,Female,RU
570,Alric,Cicconetti,acicconettift@twitter.com,Male,PH
571,Xylia,Sturt,xsturtfu@behance.net,Female,PK
572,Noelani,Bourke,nbourkefv@ning.com,Female,RS
573,Bonnee,Conniam,bconniamfw@themeforest.net,Female,JP
574,Denise,Challicombe,dchallicombefx@columbia.edu,Female,BR
575,Tabina,Aggis,taggisfy@bloglines.com,Female,IE
576,Arthur,Heavyside,aheavysidefz@dedecms.com,Male,AR
577,Susi,Cunnah,scunnahg0@sina.com.cn,Female,AM
578,Dannie,McTiernan,dmctiernang1@ning.com,Female,CL
579,Rik,Ianetti,rianettig2@geocities.jp,Male,ID
580,Lexis,Newcom,lnewcomg3@4shared.com,Female,ME
581,Jack,Pawsey,jpawseyg4@wufoo.com,Male,TZ
582,Aloysia,Shelvey,ashelveyg5@icq.com,Female,GB
583,Hinda,Basil,hbasilg6@sohu.com,Female,ID
584,Ellette,Wingate,ewingateg7@myspace.com,Female,BG
585,Gunner,Pawlett,gpawlettg8@webs.com,Male,PL
586,Katalin,Sjostrom,ksjostromg9@hatena.ne.jp,Female,KR
587,Ula,Danelutti,udaneluttiga@mapquest.com,Female,SI
588,Adrienne,Moulds,amouldsgb@furl.net,Female,NO
589,Kristo,Bernuzzi,kbernuzzigc@liveinternet.ru,Male,FI
590,Kayne,Hazlehurst,khazlehurstgd@digg.com,Male,MX
591,Augustus,Bridgwood,abridgwoodge@google.pl,Male,AR
592,Putnem,Sheivels,psheivelsgf@uol.com.br,Male,MD
593,Garrott,Gavaghan,ggavaghangg@imdb.com,Male,ID
594,Gratia,Smalman,gsmalmangh@nbcnews.com,Female,MY
595,Nadiya,Perllman,nperllmangi@joomla.org,Female,ID
596,Homerus,Doncom,hdoncomgj@answers.com,Male,FR
597,Angele,Bullcock,abullcockgk@mysql.com,Female,CN
598,Waldo,Yeardsley,wyeardsleygl@is.gd,Male,ID
599,Berk,Rarity,braritygm@utexas.edu,Male,ID
600,Fayina,Brackstone,fbrackstonegn@narod.ru,Female,PT
601,Inness,Towey,itoweygo@ycombinator.com,Male,ZM
602,Cherilynn,McTague,cmctaguegp@pinterest.com,Female,HN
603,Anica,Rubinek,arubinekgq@theguardian.com,Female,TG
604,Darsie,Elsdon,delsdongr@stanford.edu,Female,ID
605,Lorelle,McCard,lmccardgs@godaddy.com,Female,LV
606,Dietrich,Jackman,djackmangt@ovh.net,Male,FI
607,Twyla,Pinnocke,tpinnockegu@nih.gov,Female,TH
608,Melanie,Curteis,mcurteisgv@eventbrite.com,Female,CO
609,Galina,Kassel,gkasselgw@blog.com,Female,ID
610,Kamilah,Hallard,khallardgx@microsoft.com,Female,KE
611,Tilly,Turri,tturrigy@theatlantic.com,Female,NL
612,Dougy,Busch,dbuschgz@t-online.de,Male,PL
613,Avram,Hakonsson,ahakonssonh0@about.com,Male,RU
614,Nissie,Ullock,nullockh1@unicef.org,Female,MW
615,Paul,Biffen,pbiffenh2@webs.com,Male,PT
616,Anallese,Bundock,abundockh3@biblegateway.com,Female,CN
617,Penn,Nuth,pnuthh4@msn.com,Male,MA
618,Fulton,Moxham,fmoxhamh5@live.com,Male,MU
619,Barbabas,Grimley,bgrimleyh6@hud.gov,Male,BR
620,Daveta,Quibell,dquibellh7@timesonline.co.uk,Female,PH
621,Ivor,Royson,iroysonh8@wordpress.org,Male,US
622,Saudra,Rugg,sruggh9@ftc.gov,Female,CN
623,Teador,O'Kuddyhy,tokuddyhyha@google.es,Male,UA
624,Fred,Gooday,fgoodayhb@jalbum.net,Male,PT
625,Geoffry,Riggoll,griggollhc@accuweather.com,Male,MN
626,Immanuel,Bygott,ibygotthd@imgur.com,Male,NL
627,Grace,Hughlock,ghughlockhe@cam.ac.uk,Male,US
628,Antony,Phelipeau,aphelipeauhf@oracle.com,Male,PH
629,Keenan,Cordner,kcordnerhg@moonfruit.com,Male,EG
630,Mariann,Carnow,mcarnowhh@furl.net,Female,CN
631,Sullivan,Sendall,ssendallhi@hugedomains.com,Male,MX
632,Tremayne,Silvers,tsilvershj@ucoz.ru,Male,ID
633,Farra,Bouttell,fbouttellhk@dailymotion.com,Female,FI
634,Gerty,Sawkins,gsawkinshl@sfgate.com,Female,RU
635,Rosaleen,Critchell,rcritchellhm@exblog.jp,Female,TG
636,Millicent,Cammocke,mcammockehn@berkeley.edu,Female,PH
637,Lezlie,Bozier,lbozierho@wordpress.com,Female,CO
638,Reggy,Key,rkeyhp@huffingtonpost.com,Male,RU
639,Evered,Blaszczak,eblaszczakhq@wunderground.com,Male,SE
640,Ayn,Sesser,asesserhr@ezinearticles.com,Female,UA
641,Maressa,Yurmanovev,myurmanovevhs@patch.com,Female,CL
642,Jeanette,Mangenet,jmangenetht@mediafire.com,Female,RU
643,Daryl,Knowller,dknowllerhu@apple.com,Female,CN
644,Sully,Avo,savohv@netvibes.com,Male,SY
645,Kathye,Ullrich,kullrichhw@pinterest.com,Female,FR
646,Emmy,Meus,emeushx@cam.ac.uk,Female,ID
647,Ashlan,Brasner,abrasnerhy@google.co.uk,Female,BR
648,Cyrille,Janssen,cjanssenhz@posterous.com,Male,CN
649,Putnam,Divell,pdivelli0@wufoo.com,Male,US
650,Wyn,Donwell,wdonwelli1@netvibes.com,Male,ID
651,Daryl,Osmund,dosmundi2@geocities.com,Female,BF
652,Sari,Quarles,squarlesi3@skyrock.com,Female,FR
653,Talyah,Hallworth,thallworthi4@desdev.cn,Female,RU
654,Clement,Filinkov,cfilinkovi5@google.co.jp,Male,MV
655,Roshelle,Baseke,rbasekei6@mashable.com,Female,US
656,Lisetta,Sivell,lsivelli7@artisteer.com,Female,AZ
657,Elias,Breckwell,ebreckwelli8@ucla.edu,Male,ID
658,Godwin,Ead,geadi9@163.com,Male,CN
659,Mathe,Boorman,mboormania@loc.gov,Male,CZ
660,Anne-marie,Noell,anoellib@a8.net,Female,PT
661,Lisbeth,Doggart,ldoggartic@salon.com,Female,FR
662,Sallyann,Deport,sdeportid@pinterest.com,Female,AM
663,Ediva,Bennis,ebennisie@csmonitor.com,Female,ID
664,Pippo,Patzelt,ppatzeltif@infoseek.co.jp,Male,TH
665,Krystyna,Halwill,khalwillig@mediafire.com,Female,CN
666,Byrle,Studdert,bstuddertih@cornell.edu,Male,ID
667,Chancey,Ayerst,cayerstii@merriam-webster.com,Male,CN
668,Christie,Reddie,creddieij@xinhuanet.com,Male,PL
669,Pinchas,Keveren,pkeverenik@4shared.com,Male,RU
670,Gilles,Keddey,gkeddeyil@mac.com,Male,NI
671,Lilla,Stiven,lstivenim@delicious.com,Female,PH
672,Ileane,Merrywether,imerrywetherin@fastcompany.com,Female,CO
673,Iolande,Barcroft,ibarcroftio@stumbleupon.com,Female,ID
674,Delphinia,Wemyss,dwemyssip@berkeley.edu,Female,LV
675,Bear,Tilbury,btilburyiq@cnn.com,Male,EE
676,Ram,Acarson,racarsonir@meetup.com,Male,MX
677,Thadeus,Sidey,tsideyis@reverbnation.com,Male,CN
678,Fletch,MacSkeaghan,fmacskeaghanit@purevolume.com,Male,CO
679,Gerhard,Doody,gdoodyiu@posterous.com,Male,SE
680,Lindsey,Sola,lsolaiv@elegantthemes.com,Male,CN
681,Germaine,Gray,ggrayiw@eepurl.com,Male,CN
682,Rhodie,Bowling,rbowlingix@princeton.edu,Female,PH
683,Orbadiah,Crump,ocrumpiy@bing.com,Male,DO
684,Ellsworth,Kesley,ekesleyiz@wikimedia.org,Male,FR
685,Rene,Kochlin,rkochlinj0@imgur.com,Male,HT
686,Gwynne,Jiri,gjirij1@so-net.ne.jp,Female,PL
687,Kipp,Simonassi,ksimonassij2@bandcamp.com,Female,AR
688,Isiahi,Keam,ikeamj3@usda.gov,Male,ID
689,Alaine,Dowman,adowmanj4@theatlantic.com,Female,CN
690,Meaghan,Villar,mvillarj5@purevolume.com,Female,EG
691,Natalie,Masterson,nmastersonj6@usa.gov,Female,CN
692,Frederico,Kennett,fkennettj7@pinterest.com,Male,PH
693,Ben,Treffry,btreffryj8@google.de,Male,BH
694,Carmen,Jeremaes,cjeremaesj9@cafepress.com,Female,GR
695,Christie,Head,cheadja@moonfruit.com,Male,PH
696,Heywood,Quarles,hquarlesjb@example.com,Male,ID
697,Antin,Hawes,ahawesjc@angelfire.com,Male,ID
698,Connor,Cadell,ccadelljd@psu.edu,Male,PE
699,Elyse,Oswald,eoswaldje@nymag.com,Female,JP
700,Newton,Westmore,nwestmorejf@craigslist.org,Male,PK
701,Orsa,Lamcken,olamckenjg@deliciousdays.com,Female,CN
702,Sybila,Greatbanks,sgreatbanksjh@mozilla.org,Female,MZ
703,Collie,Corradi,ccorradiji@mayoclinic.com,Female,PH
704,Isidore,Dugdale,idugdalejj@jigsy.com,Male,ID
705,Christalle,Gething,cgethingjk@discuz.net,Female,CN
706,Shanta,Sondon,ssondonjl@mozilla.com,Female,CN
707,Damian,Hucknall,dhucknalljm@typepad.com,Male,FR
708,Joshia,Daviddi,jdaviddijn@ning.com,Male,PH
709,Ethan,Berriman,eberrimanjo@sbwire.com,Male,CU
710,Juan,Baden,jbadenjp@plala.or.jp,Male,CA
711,Karita,Baroche,kbarochejq@g.co,Female,BR
712,Raimondo,Polak,rpolakjr@opensource.org,Male,CF
713,Shelby,Giacomucci,sgiacomuccijs@wp.com,Female,NL
714,Bartlett,Newcombe,bnewcombejt@squidoo.com,Male,ZA
715,Marion,Kmietsch,mkmietschju@umich.edu,Male,CN
716,Wanids,Tomkys,wtomkysjv@wp.com,Female,ID
717,Townsend,Inglesent,tinglesentjw@sitemeter.com,Male,LY
718,Bianca,Bredgeland,bbredgelandjx@alexa.com,Female,CN
719,Tonie,Denyer,tdenyerjy@liveinternet.ru,Female,ID
720,Darius,Montford,dmontfordjz@google.com,Male,UY
721,Tanhya,Kernes,tkernesk0@mozilla.com,Female,ID
722,Anthe,Biggen,abiggenk1@newyorker.com,Female,RU
723,Julian,Rawlins,jrawlinsk2@marriott.com,Male,BR
724,Garrick,Elvidge,gelvidgek3@google.fr,Male,BR
725,Teodorico,Klainer,tklainerk4@apache.org,Male,BR
726,Raf,Oscroft,roscroftk5@webeden.co.uk,Female,CN
727,Jeno,Cheesley,jcheesleyk6@yellowpages.com,Male,RU
728,Phillipe,Farlow,pfarlowk7@indiegogo.com,Male,CN
729,Blinny,Van Der Straaten,bvanderstraatenk8@walmart.com,Female,CN
730,Hamel,Argrave,hargravek9@google.pl,Male,HR
731,Misti,Skillicorn,mskillicornka@nsw.gov.au,Female,JP
732,Sheppard,Poinsett,spoinsettkb@dagondesign.com,Male,CR
733,Natalie,D'orsay,ndorsaykc@blogs.com,Female,CN
734,Scott,Kester,skesterkd@nymag.com,Male,BR
735,Shaine,Charter,scharterke@tinyurl.com,Female,ID
736,Onofredo,Botger,obotgerkf@paginegialle.it,Male,CN
737,Sly,Kubu,skubukg@so-net.ne.jp,Male,US
738,Maurizio,Andryushin,mandryushinkh@tiny.cc,Male,RU
739,Ferdinanda,Godwin,fgodwinki@joomla.org,Female,ID
740,Aeriell,Daid,adaidkj@multiply.com,Female,CN
741,Darbie,Cartan,dcartankk@sun.com,Female,ID
742,Andee,Maskill,amaskillkl@topsy.com,Female,MG
743,Tadeo,Skouling,tskoulingkm@photobucket.com,Male,RU
744,Hannie,Ferrucci,hferruccikn@vimeo.com,Female,CN
745,Kimmi,Richemond,krichemondko@macromedia.com,Female,JP
746,Joelynn,Adne,jadnekp@yellowbook.com,Female,JP
747,Giustino,Dreossi,gdreossikq@rambler.ru,Male,CN
748,Elvin,Dossett,edossettkr@booking.com,Male,CN
749,Robinet,Chidler,rchidlerks@youku.com,Female,BR
750,Sheffield,Egel,segelkt@xinhuanet.com,Male,MX
751,Laryssa,Straker,lstrakerku@spiegel.de,Female,CN
752,Dino,Fruser,dfruserkv@blogs.com,Male,CN
753,Ariella,Duckworth,aduckworthkw@hc360.com,Female,CN
754,Nance,Gavini,ngavinikx@skype.com,Female,CN
755,Esmaria,Monk,emonkky@clickbank.net,Female,VN
756,Camille,Dowd,cdowdkz@oakley.com,Female,ID
757,Levin,Burry,lburryl0@hibu.com,Male,ID
758,Sophey,Olyfant,solyfantl1@google.com.au,Female,PT
759,Amargo,Gantley,agantleyl2@hubpages.com,Female,PT
760,Owen,Niblock,oniblockl3@howstuffworks.com,Male,PL
761,Feliza,Lovie,floviel4@godaddy.com,Female,DK
762,Claudina,Ambrosi,cambrosil5@wix.com,Female,RU
763,Erie,Zotto,ezottol6@guardian.co.uk,Male,CN
764,Linus,O'Curran,locurranl7@mapy.cz,Male,MM
765,Phylis,Zorer,pzorerl8@artisteer.com,Female,RU
766,Mattie,Gonsalvez,mgonsalvezl9@facebook.com,Female,LY
767,Rorke,Medeway,rmedewayla@wunderground.com,Male,PL
768,Antonie,Graine,agrainelb@netlog.com,Female,SO
769,Wandis,Ridder,wridderlc@irs.gov,Female,NA
770,Kimmi,MacKintosh,kmackintoshld@furl.net,Female,CN
771,Fanni,Bogey,fbogeyle@delicious.com,Female,CN
772,Darline,Gonthier,dgonthierlf@wordpress.com,Female,CN
773,Alon,Commucci,acommuccilg@marketwatch.com,Male,FR
774,Cyrillus,Beausang,cbeausanglh@hud.gov,Male,US
775,Beverlie,Lorroway,blorrowayli@huffingtonpost.com,Female,SI
776,Shurlock,Bertram,sbertramlj@exblog.jp,Male,LT
777,Elise,Spreag,espreaglk@vistaprint.com,Female,MY
778,Nero,Burnhard,nburnhardll@nps.gov,Male,RU
779,Lambert,Hiorn,lhiornlm@odnoklassniki.ru,Male,PH
780,Shirl,Breukelman,sbreukelmanln@chron.com,Female,CN
781,Aigneis,Drew-Clifton,adrewcliftonlo@wordpress.com,Female,CN
782,Jewelle,Baldelli,jbaldellilp@addtoany.com,Female,UA
783,Patric,Connelly,pconnellylq@cbc.ca,Male,ML
784,Nowell,Oleszcuk,noleszcuklr@lycos.com,Male,NO
785,Bonnibelle,Mully,bmullyls@shutterfly.com,Female,ID
786,Wyatan,Parbrook,wparbrooklt@shop-pro.jp,Male,US
787,Tanney,Iacovazzi,tiacovazzilu@com.com,Male,VE
788,Ulberto,Jacqueme,ujacquemelv@microsoft.com,Male,PT
789,Alexandre,Swatridge,aswatridgelw@parallels.com,Male,GR
790,Molly,Golsby,mgolsbylx@whitehouse.gov,Female,RS
791,Shanna,Seldner,sseldnerly@npr.org,Female,SE
792,Danielle,Wolfers,dwolferslz@altervista.org,Female,PK
793,Clemence,Loble,cloblem0@dyndns.org,Female,CN
794,Sibeal,Ferenczy,sferenczym1@skype.com,Female,RU
795,Janith,Clapham,jclaphamm2@independent.co.uk,Female,SY
796,Eldredge,Eagling,eeaglingm3@woothemes.com,Male,ID
797,Blondie,MacGorman,bmacgormanm4@xing.com,Female,CN
798,Elisabetta,Le Cornu,elecornum5@technorati.com,Female,CA
799,Shermie,Given,sgivenm6@fc2.com,Male,CL
800,Theo,Ollivier,tollivierm7@bloomberg.com,Male,KZ
801,Timofei,Scatchar,tscatcharm8@bloomberg.com,Male,ME
802,Carlye,Guyer,cguyerm9@illinois.edu,Female,AR
803,Ulrika,Clears,uclearsma@army.mil,Female,CO
804,Theodore,Wadmore,twadmoremb@ibm.com,Male,RU
805,Essa,Fisk,efiskmc@yale.edu,Female,CY
806,Flory,Worland,fworlandmd@imgur.com,Male,ID
807,Benni,Shepcutt,bshepcuttme@pen.io,Female,BR
808,Marys,Pafford,mpaffordmf@yahoo.co.jp,Female,SE
809,Phil,Skechley,pskechleymg@sun.com,Male,UA
810,Quent,Mattusevich,qmattusevichmh@icq.com,Male,CN
811,Adair,Hathway,ahathwaymi@msn.com,Male,CN
812,Forrester,Georgiev,fgeorgievmj@msu.edu,Male,KH
813,Teodoor,Vasenin,tvaseninmk@japanpost.jp,Male,PL
814,Anson,Wrenn,awrennml@so-net.ne.jp,Male,IE
815,Abagael,Southall,asouthallmm@stumbleupon.com,Female,CN
816,Ayn,Drew-Clifton,adrewcliftonmn@sohu.com,Female,PT
817,Godart,Condict,gcondictmo@youku.com,Male,US
818,Wally,Josefer,wjosefermp@nps.gov,Male,CN
819,Boycie,Dysert,bdysertmq@engadget.com,Male,CO
820,Randall,Hollows,rhollowsmr@goodreads.com,Male,FI
821,Una,Mc Ilory,umciloryms@cnbc.com,Female,BR
822,Isidora,Giaomozzo,igiaomozzomt@elegantthemes.com,Female,TD
823,Marijo,Grim,mgrimmu@unc.edu,Female,BR
824,Hans,Peace,hpeacemv@eventbrite.com,Male,FR
825,Tamar,Restall,trestallmw@wikimedia.org,Female,RU
826,Maurise,Acaster,macastermx@msn.com,Male,SV
827,Tillie,Boxe,tboxemy@fc2.com,Female,BJ
828,Erhart,Paulton,epaultonmz@youtu.be,Male,PH
829,Jolee,Asquez,jasquezn0@cocolog-nifty.com,Female,ID
830,Hurleigh,Ells,hellsn1@xrea.com,Male,TH
831,Korry,Attwoul,kattwouln2@time.com,Female,ID
832,Kristos,Dubs,kdubsn3@xing.com,Male,RE
833,Clemens,Downing,cdowningn4@nature.com,Male,PH
834,Bernardo,Milland,bmillandn5@google.co.jp,Male,MX
835,Kippy,Gozzard,kgozzardn6@storify.com,Male,CN
836,Karon,Bartolomeoni,kbartolomeonin7@discuz.net,Female,XK
837,Aime,Iskowicz,aiskowiczn8@scribd.com,Female,TH
838,Chrissie,Balsom,cbalsomn9@house.gov,Male,CN
839,Karie,Peinton,kpeintonna@nydailynews.com,Female,CU
840,Marlee,Poulden,mpouldennb@hud.gov,Female,NO
841,Jenifer,Colebrook,jcolebrooknc@npr.org,Female,BR
842,Derk,Blincowe,dblincowend@instagram.com,Male,PT
843,Kermie,Beynkn,kbeynknne@businessweek.com,Male,GR
844,Lauralee,Gyer,lgyernf@ft.com,Female,RS
845,Kilian,Swann,kswannng@guardian.co.uk,Male,BR
846,Glynnis,Lethbridge,glethbridgenh@berkeley.edu,Female,CN
847,Sallyanne,Hambribe,shambribeni@aol.com,Female,PL
848,Dougie,Poolman,dpoolmannj@ucoz.ru,Male,PL
849,Shaylah,Targe,stargenk@samsung.com,Female,RS
850,Kinny,Leveridge,kleveridgenl@jiathis.com,Male,IT
851,Brittany,Rickert,brickertnm@flavors.me,Female,FR
852,Alethea,Rittmeyer,arittmeyernn@shinystat.com,Female,CA
853,Ulises,Hedditeh,uhedditehno@admin.ch,Male,US
854,Domenico,Worge,dworgenp@nhs.uk,Male,CN
855,Corabelle,Launchbury,claunchburynq@com.com,Female,IQ
856,Stacee,Shillitto,sshillittonr@usgs.gov,Male,CN
857,Riobard,Raggett,rraggettns@photobucket.com,Male,CN
858,Ciro,Billo,cbillont@wikimedia.org,Male,RS
859,Alicea,Coppo,acopponu@businessweek.com,Female,ID
860,Merill,Sedwick,msedwicknv@jigsy.com,Male,TN
861,Cari,Benedicto,cbenedictonw@mail.ru,Female,JP
862,Robb,Trymme,rtrymmenx@free.fr,Male,MX
863,Justus,Azam,jazamny@hostgator.com,Male,RU
864,Jackquelin,Klimowicz,jklimowicznz@epa.gov,Female,BR
865,Tandie,Raffon,traffono0@utexas.edu,Female,RU
866,Adrien,Nano,ananoo1@booking.com,Male,CN
867,Holly,Corbert,hcorberto2@intel.com,Female,ID
868,Zed,Pirrie,zpirrieo3@netlog.com,Male,ID
869,Terrell,Bartolacci,tbartolaccio4@dailymotion.com,Male,CN
870,Cherrita,Walicki,cwalickio5@bbb.org,Female,BR
871,Christan,Andrejs,candrejso6@yahoo.com,Female,CN
872,Esma,Danilov,edanilovo7@mashable.com,Female,GR
873,Danice,Stubbert,dstubberto8@paypal.com,Female,PH
874,Franklin,Game,fgameo9@qq.com,Male,CI
875,Vicki,Tuffell,vtuffelloa@noaa.gov,Female,CN
876,Rik,Vardey,rvardeyob@howstuffworks.com,Male,ID
877,Burr,Dalyell,bdalyelloc@google.com,Male,CM
878,Harrison,Proschek,hproschekod@webs.com,Male,CN
879,Mord,McGillivrie,mmcgillivrieoe@unblog.fr,Male,CN
880,Lexie,Hussey,lhusseyof@alexa.com,Female,PE
881,Waylin,Veschi,wveschiog@goo.gl,Male,PS
882,Gweneth,Ranfield,granfieldoh@ted.com,Female,PK
883,Leicester,Shepperd,lshepperdoi@epa.gov,Male,CN
884,Pamela,Cuolahan,pcuolahanoj@wikipedia.org,Female,GM
885,Irving,Wooler,iwoolerok@parallels.com,Male,PL
886,Kip,MacGillivray,kmacgillivrayol@seattletimes.com,Female,CN
887,Virginie,Nurny,vnurnyom@geocities.jp,Female,ID
888,Audie,Allwood,aallwoodon@facebook.com,Female,NG
889,Shermy,Caldecott,scaldecottoo@zimbio.com,Male,GT
890,Bunni,Roslen,broslenop@geocities.jp,Female,PH
891,Pepi,Webster,pwebsteroq@a8.net,Female,BR
892,Neall,Bottomer,nbottomeror@imageshack.us,Male,PL
893,Clarke,Firle,cfirleos@seesaa.net,Male,PL
894,Durward,Grainge,dgraingeot@examiner.com,Male,ID
895,Allison,Quelch,aquelchou@census.gov,Female,AL
896,Perrine,Hugonneau,phugonneauov@toplist.cz,Female,BR
897,Scarface,Duerden,sduerdenow@sun.com,Male,LU
898,Maddy,Ingleton,mingletonox@cnbc.com,Female,KR
899,Jessamine,Cumbridge,jcumbridgeoy@dell.com,Female,HR
900,Trix,Kynett,tkynettoz@ucoz.ru,Female,CN
901,Verine,Thwaite,vthwaitep0@ocn.ne.jp,Female,UA
902,Melamie,Juschke,mjuschkep1@weebly.com,Female,LS
903,Basilius,Potebury,bpoteburyp2@statcounter.com,Male,RU
904,Garreth,Addis,gaddisp3@mysql.com,Male,CN
905,Berky,Chittie,bchittiep4@ftc.gov,Male,TZ
906,Aloin,Mollin,amollinp5@vkontakte.ru,Male,RU
907,Hansiain,Febvre,hfebvrep6@narod.ru,Male,US
908,Gualterio,Scothron,gscothronp7@deviantart.com,Male,NZ
909,Denver,Shah,dshahp8@wordpress.org,Male,ID
910,Rheba,Rospars,rrosparsp9@toplist.cz,Female,SE
911,Tiffi,Alexsandrovich,talexsandrovichpa@npr.org,Female,GT
912,Charmaine,Kearsley,ckearsleypb@unesco.org,Female,PL
913,Quinlan,Buxcy,qbuxcypc@unesco.org,Male,SE
914,Aldridge,McVie,amcviepd@nih.gov,Male,CO
915,Adora,Klyn,aklynpe@blinklist.com,Female,XK
916,Eulalie,Lorie,eloriepf@php.net,Female,CN
917,Jenn,Graysmark,jgraysmarkpg@hatena.ne.jp,Female,RU
918,Babita,Seakes,bseakesph@simplemachines.org,Female,PL
919,Baron,Hazeltine,bhazeltinepi@exblog.jp,Male,BR
920,Riordan,Flanigan,rflaniganpj@hc360.com,Male,UA
921,Weston,Till,wtillpk@facebook.com,Male,BR
922,Retha,Jouning,rjouningpl@dyndns.org,Female,BR
923,Orland,Galvan,ogalvanpm@imgur.com,Male,CN
924,Ginger,Newcomb,gnewcombpn@lycos.com,Male,NG
925,Sallyanne,Leaf,sleafpo@umich.edu,Female,PH
926,Lynnette,Lunnon,llunnonpp@spotify.com,Female,CN
927,Mylo,McGeorge,mmcgeorgepq@infoseek.co.jp,Male,HT
928,Siegfried,Josilowski,sjosilowskipr@constantcontact.com,Male,TO
929,Derrek,Rubee,drubeeps@cbsnews.com,Male,ID
930,Denna,Medcraft,dmedcraftpt@yahoo.com,Female,CN
931,Juieta,Penke,jpenkepu@vimeo.com,Female,CN
932,Chad,Thrasher,cthrasherpv@amazon.co.uk,Male,IR
933,Gerardo,Lenton,glentonpw@gravatar.com,Male,JP
934,Friedrick,Leeson,fleesonpx@wired.com,Male,RU
935,Phillie,Hadwen,phadwenpy@hugedomains.com,Female,UA
936,Madonna,Malby,mmalbypz@unicef.org,Female,US
937,Rees,Fennelow,rfennelowq0@uol.com.br,Male,PL
938,Ferdinanda,MacMenamin,fmacmenaminq1@pbs.org,Female,LK
939,Fianna,Daws,fdawsq2@godaddy.com,Female,ID
940,Hamlin,Millsom,hmillsomq3@berkeley.edu,Male,CN
941,Hunt,Duffrie,hduffrieq4@dot.gov,Male,SE
942,Sheffie,Shernock,sshernockq5@google.fr,Male,JP
943,Donall,Upshall,dupshallq6@patch.com,Male,NI
944,Moritz,Tierney,mtierneyq7@themeforest.net,Male,ID
945,Consolata,Emmins,cemminsq8@china.com.cn,Female,VN
946,Zorina,Sagar,zsagarq9@chicagotribune.com,Female,RU
947,Arch,Cruickshank,acruickshankqa@google.co.jp,Male,CN
948,Kalil,Scutt,kscuttqb@cdc.gov,Male,ID
949,Norah,Brand-Hardy,nbrandhardyqc@goodreads.com,Female,PT
950,Kerr,De Francisci,kdefrancisciqd@biglobe.ne.jp,Male,PH
951,Byrann,Reese,breeseqe@upenn.edu,Male,AF
952,Vanya,Monteith,vmonteithqf@ezinearticles.com,Female,BR
953,Catarina,Moorton,cmoortonqg@ox.ac.uk,Female,BY
954,Karrie,McSaul,kmcsaulqh@nyu.edu,Female,GR
955,Joby,Pearlman,jpearlmanqi@unblog.fr,Female,VN
956,Had,Sketcher,hsketcherqj@army.mil,Male,PH
957,Evania,Bourgeois,ebourgeoisqk@sbwire.com,Female,CN
958,Craggy,Swindlehurst,cswindlehurstql@kickstarter.com,Male,ID
959,Gil,Foort,gfoortqm@posterous.com,Male,CN
960,Wainwright,Giacomello,wgiacomelloqn@examiner.com,Male,PH
961,Clio,Alelsandrowicz,calelsandrowiczqo@purevolume.com,Female,BW
962,Zachariah,Olivari,zolivariqp@microsoft.com,Male,CN
963,Alan,Harse,aharseqq@g.co,Male,FR
964,Osbourn,Lockhead,olockheadqr@histats.com,Male,TH
965,Gregg,Vise,gviseqs@va.gov,Male,SE
966,Francklin,Docharty,fdochartyqt@abc.net.au,Male,MY
967,Ruthie,Theaker,rtheakerqu@prweb.com,Female,CN
968,Wandis,Rabat,wrabatqv@ebay.co.uk,Female,RU
969,Heinrick,Gooding,hgoodingqw@canalblog.com,Male,ET
970,Llewellyn,Bucher,lbucherqx@sakura.ne.jp,Male,PH
971,Rance,Bawle,rbawleqy@phoca.cz,Male,CZ
972,Raimundo,Casotti,rcasottiqz@dell.com,Male,FR
973,Karlik,Sapp,ksappr0@alibaba.com,Male,CN
974,Vere,Offener,voffenerr1@addthis.com,Female,RU
975,Dannie,Allcroft,dallcroftr2@skyrock.com,Female,CN
976,Gay,Bedow,gbedowr3@nydailynews.com,Female,PT
977,Abby,Keady,akeadyr4@google.es,Female,CN
978,Bambie,Rollins,brollinsr5@amazon.co.uk,Female,RU
979,Karoly,Niemetz,kniemetzr6@microsoft.com,Male,PH
980,Doll,Forsythe,dforsyther7@sciencedirect.com,Female,PK
981,Randie,Spurret,rspurretr8@mapquest.com,Female,LB
982,Almira,Crofts,acroftsr9@loc.gov,Female,PH
983,Emlyn,Gilbane,egilbanera@deviantart.com,Male,CO
984,Alick,Weavers,aweaversrb@europa.eu,Male,MG
985,Coleman,Tettley,ctettleyrc@home.pl,Male,IL
986,Becka,Clowney,bclowneyrd@home.pl,Female,CO
987,Amalia,Elms,aelmsre@engadget.com,Female,PH
988,Amabelle,Speechley,aspeechleyrf@ihg.com,Female,HR
989,Thorin,Burgess,tburgessrg@ucla.edu,Male,DK
990,Jordanna,Rubra,jrubrarh@themeforest.net,Female,PL
991,Teodoro,Rubinlicht,trubinlichtri@ucsd.edu,Male,UA
992,Koressa,Crow,kcrowrj@fotki.com,Female,BW
993,Brigida,Sutherland,bsutherlandrk@photobucket.com,Female,PH
994,Caryl,Danigel,cdanigelrl@reverbnation.com,Male,AR
995,Ed,Heinish,eheinishrm@unc.edu,Male,ID
996,Doralynn,Thornham,dthornhamrn@jimdo.com,Female,PH
997,Michail,Sinnatt,msinnattro@fda.gov,Male,AM
998,Donella,Thornton,dthorntonrp@yellowbook.com,Female,BR
999,Jerry,Cassius,jcassiusrq@amazon.co.jp,Male,PH
1000,Klarika,Bein,kbeinrr@discovery.com,Female,SV